time,electricity,heat,hydro
0,71.2,45.99771428571428,0.0
1,71.2,45.99771428571428,0.0
2,53.16,45.99771428571428,0.0
3,53.16,45.99771428571428,0.0
4,53.16,45.99771428571428,0.0
5,53.16,45.99771428571428,0.0
6,53.16,68.99657142857143,0.0
7,57.672,68.99657142857143,0.0
8,57.672,68.99657142857143,0.0
9,71.2,68.99657142857143,3.4207870757896526
10,71.2,45.99771428571428,4.383064177880136
11,71.2,45.99771428571428,4.5947376403756355
12,49.37117621980472,45.99771428571428,3.3333333333333335
13,49.37117621980472,45.99771428571428,3.3333333333333335
14,71.2,45.99771428571428,3.832301778493455
15,71.2,45.99771428571428,3.832301778493455
16,71.2,45.99771428571428,3.832301778493455
17,71.2,68.99657142857143,3.832301778493455
18,71.2,68.99657142857143,3.832301778493455
19,64.66666666666666,68.99657142857143,3.3333333333333335
20,64.68,68.99657142857143,3.3333333333333335
21,65.08666666666667,68.99657142857143,0.0
22,65.08666666666667,68.99657142857143,0.0
23,64.72,45.99771428571428,0.0
