{
  "[\"u1\"]": -245.69800000000006,
  "[\"u2\"]": 0.0,
  "[\"u3\"]": -63.28848613240418,
  "[\"u4\"]": 9.947598300641403e-14,
  "[\"u5\"]": 4.973799150320701e-14,
  "[\"u6\"]": 1.4210854715202004e-14,
  "[\"u1\", \"u2\", \"u3\", \"u4\", \"u5\", \"u6\"]": -2124.0293284345003,
  "[\"u2\", \"u3\", \"u4\", \"u5\", \"u6\"]": -729.9148600365706,
  "[\"u3\", \"u4\", \"u5\", \"u6\"]": -601.1058283026113,
  "[\"u1\", \"u2\"]": -448.9999812035941,
  "[\"u1\", \"u3\"]": -395.01673003484325,
  "[\"u1\", \"u4\"]": -1230.6068568143833,
  "[\"u1\", \"u5\"]": -245.69800000000006,
  "[\"u1\", \"u6\"]": -245.69800000000012,
  "[\"u2\", \"u3\"]": -63.28848613240418,
  "[\"u2\", \"u4\"]": 9.947598300641403e-14,
  "[\"u2\", \"u5\"]": -128.80903173395816,
  "[\"u2\", \"u6\"]": 1.4210854715202004e-14,
  "[\"u3\", \"u4\"]": -63.28848613240408,
  "[\"u3\", \"u5\"]": -63.28848613240413,
  "[\"u3\", \"u6\"]": -601.1058283026106,
  "[\"u4\", \"u5\"]": 3.907985046680551e-13,
  "[\"u4\", \"u6\"]": -4.405364961712621e-13,
  "[\"u5\", \"u6\"]": -1.7763568394002505e-13,
  "[\"u1\", \"u2\", \"u3\"]": -598.3187112384373,
  "[\"u1\", \"u2\", \"u4\"]": -1265.5665616254028,
  "[\"u1\", \"u2\", \"u5\"]": -935.0312997081753,
  "[\"u1\", \"u2\", \"u6\"]": -448.9999812035941,
  "[\"u1\", \"u3\", \"u4\"]": -1352.2409635408055,
  "[\"u1\", \"u3\", \"u5\"]": -395.01673003484325,
  "[\"u1\", \"u3\", \"u6\"]": -1190.9248039123663,
  "[\"u1\", \"u4\", \"u5\"]": -1230.6068568143828,
  "[\"u1\", \"u4\", \"u6\"]": -1230.6068568143837,
  "[\"u1\", \"u5\", \"u6\"]": -245.69800000000023,
  "[\"u2\", \"u3\", \"u4\"]": -63.288486132404074,
  "[\"u2\", \"u3\", \"u5\"]": -192.09751786636235,
  "[\"u2\", \"u3\", \"u6\"]": -601.1058283026108,
  "[\"u2\", \"u4\", \"u5\"]": -128.80903173395774,
  "[\"u2\", \"u4\", \"u6\"]": -4.405364961712621e-13,
  "[\"u2\", \"u5\", \"u6\"]": -128.8090317339583,
  "[\"u3\", \"u4\", \"u5\"]": -63.28848613240379,
  "[\"u3\", \"u4\", \"u6\"]": -601.105828302611,
  "[\"u3\", \"u5\", \"u6\"]": -601.1058283026108,
  "[\"u4\", \"u5\", \"u6\"]": -6.323830348264892e-13,
  "[\"u1\", \"u2\", \"u3\", \"u4\"]": -1355.5026563794613,
  "[\"u1\", \"u2\", \"u3\", \"u5\"]": -1078.7977818005124,
  "[\"u1\", \"u2\", \"u3\", \"u6\"]": -1394.2240004587854,
  "[\"u1\", \"u2\", \"u4\", \"u5\"]": -1488.1477158033895,
  "[\"u1\", \"u2\", \"u4\", \"u6\"]": -1265.5665616253511,
  "[\"u1\", \"u2\", \"u5\", \"u6\"]": -935.031299708176,
  "[\"u1\", \"u3\", \"u4\", \"u5\"]": -1352.240963540805,
  "[\"u1\", \"u3\", \"u4\", \"u6\"]": -1972.3770990650955,
  "[\"u1\", \"u3\", \"u5\", \"u6\"]": -1190.9248039123665,
  "[\"u1\", \"u4\", \"u5\", \"u6\"]": -1230.606856814384,
  "[\"u2\", \"u3\", \"u4\", \"u5\"]": -192.0975178663619,
  "[\"u2\", \"u3\", \"u4\", \"u6\"]": -601.1058283026114,
  "[\"u2\", \"u3\", \"u5\", \"u6\"]": -729.9148600365689,
  "[\"u2\", \"u4\", \"u5\", \"u6\"]": -128.80903173395885,
  "[\"u1\", \"u2\", \"u3\", \"u4\", \"u5\"]": -1567.3077625934573,
  "[\"u1\", \"u2\", \"u3\", \"u4\", \"u6\"]": -1972.377099065095,
  "[\"u1\", \"u2\", \"u3\", \"u5\", \"u6\"]": -1815.8725068204544,
  "[\"u1\", \"u2\", \"u4\", \"u5\", \"u6\"]": -1488.1477158033888,
  "[\"u1\", \"u3\", \"u4\", \"u5\", \"u6\"]": -1972.3770990650958
}