{
  "[\"u1\"]": -975.4089347353558,
  "[\"u2\"]": -58.37512904060864,
  "[\"u3\"]": -283.1539445296167,
  "[\"u4\"]": -15.03169484374655,
  "[\"u5\"]": -152.211307448797,
  "[\"u6\"]": 1.1368683772161603e-13,
  "[\"u1\", \"u2\", \"u3\", \"u4\", \"u5\", \"u6\"]": -2187.789369591991,
  "[\"u2\", \"u3\", \"u5\", \"u6\"]": -767.0602466696414,
  "[\"u3\", \"u4\", \"u5\", \"u6\"]": -717.5922628859582,
  "[\"u3\", \"u6\"]": -550.3492605934134,
  "[\"u1\", \"u2\", \"u4\", \"u5\"]": -1568.4611824487395,
  "[\"u1\", \"u2\"]": -1123.067599915492,
  "[\"u1\", \"u3\"]": -1375.7540282507107,
  "[\"u1\", \"u4\"]": -1230.4900229999525,
  "[\"u1\", \"u5\"]": -1289.7804632981038,
  "[\"u1\", \"u6\"]": -975.4089347353558,
  "[\"u2\", \"u3\"]": -341.52907357022536,
  "[\"u2\", \"u4\"]": -73.4068238843551,
  "[\"u2\", \"u5\"]": -216.71098607620735,
  "[\"u2\", \"u6\"]": -58.37512904060853,
  "[\"u3\", \"u4\"]": -298.18563937336324,
  "[\"u3\", \"u5\"]": -435.36525197841394,
  "[\"u4\", \"u5\"]": -167.2430022925439,
  "[\"u4\", \"u6\"]": -15.031694843746436,
  "[\"u5\", \"u6\"]": -152.21130744879693,
  "[\"u1\", \"u2\", \"u3\"]": -1507.5506699291066,
  "[\"u1\", \"u2\", \"u4\"]": -1339.9875596176737,
  "[\"u1\", \"u2\", \"u5\"]": -1383.3868515345391,
  "[\"u1\", \"u2\", \"u6\"]": -1123.0675999154919,
  "[\"u1\", \"u3\", \"u4\"]": -1626.9491100650362,
  "[\"u1\", \"u3\", \"u5\"]": -1669.195035313177,
  "[\"u1\", \"u3\", \"u6\"]": -1642.9493443145063,
  "[\"u1\", \"u4\", \"u5\"]": -1498.008659764893,
  "[\"u1\", \"u4\", \"u6\"]": -1230.490022999952,
  "[\"u1\", \"u5\", \"u6\"]": -1289.7804632981035,
  "[\"u2\", \"u3\", \"u4\"]": -356.5607684139718,
  "[\"u2\", \"u3\", \"u5\"]": -499.8649306058241,
  "[\"u2\", \"u3\", \"u6\"]": -608.7243896340223,
  "[\"u2\", \"u4\", \"u5\"]": -231.74268091995356,
  "[\"u2\", \"u4\", \"u6\"]": -73.40682388435508,
  "[\"u2\", \"u5\", \"u6\"]": -216.71098607620732,
  "[\"u3\", \"u4\", \"u5\"]": -450.39694682216066,
  "[\"u3\", \"u4\", \"u6\"]": -565.3809554371603,
  "[\"u3\", \"u5\", \"u6\"]": -702.5605680422104,
  "[\"u4\", \"u5\", \"u6\"]": -167.24300229254402,
  "[\"u1\", \"u2\", \"u3\", \"u4\"]": -1701.0964074777676,
  "[\"u1\", \"u2\", \"u3\", \"u5\"]": -1746.92303941164,
  "[\"u1\", \"u2\", \"u3\", \"u6\"]": -1774.7459859929027,
  "[\"u1\", \"u2\", \"u4\", \"u6\"]": -1339.9875596176735,
  "[\"u1\", \"u2\", \"u5\", \"u6\"]": -1383.3868513983257,
  "[\"u1\", \"u3\", \"u4\", \"u5\"]": -1855.985670290083,
  "[\"u1\", \"u3\", \"u4\", \"u6\"]": -1894.144426128833,
  "[\"u1\", \"u3\", \"u5\", \"u6\"]": -1936.3903513769737,
  "[\"u1\", \"u4\", \"u5\", \"u6\"]": -1498.0086597648935,
  "[\"u2\", \"u3\", \"u4\", \"u5\"]": -514.8966254495699,
  "[\"u2\", \"u3\", \"u4\", \"u6\"]": -623.7560844777686,
  "[\"u2\", \"u4\", \"u5\", \"u6\"]": -231.74268091995427,
  "[\"u1\", \"u2\", \"u3\", \"u4\", \"u5\"]": -1920.5940535281932,
  "[\"u1\", \"u2\", \"u3\", \"u4\", \"u6\"]": -1968.2917235427064,
  "[\"u1\", \"u2\", \"u3\", \"u5\", \"u6\"]": -2014.118355475436,
  "[\"u1\", \"u2\", \"u4\", \"u5\", \"u6\"]": -1568.4611960430589,
  "[\"u1\", \"u3\", \"u4\", \"u5\", \"u6\"]": -2123.1809863637363,
  "[\"u2\", \"u3\", \"u4\", \"u5\", \"u6\"]": -782.0919415133676
}