{
  "[\"u1\"]": -975.4089347353558,
  "[\"u2\"]": -4.733198465742177,
  "[\"u3\"]": -13.322166411149825,
  "[\"u4\"]": 1.8474111129762605e-13,
  "[\"u5\"]": -2.842170943040401e-14,
  "[\"u6\"]": 1.1368683772161603e-13,
  "[\"u1\", \"u2\", \"u3\", \"u4\", \"u5\", \"u6\"]": -2797.7472163937655,
  "[\"u2\", \"u3\", \"u4\", \"u5\", \"u6\"]": -293.6543889954331,
  "[\"u3\", \"u4\", \"u5\", \"u6\"]": -208.3377896516092,
  "[\"u1\", \"u2\"]": -984.821899640908,
  "[\"u1\", \"u3\"]": -1037.2108511078532,
  "[\"u1\", \"u4\"]": -1941.2000737047847,
  "[\"u1\", \"u5\"]": -975.408934735356,
  "[\"u1\", \"u6\"]": -975.4089347353558,
  "[\"u2\", \"u3\"]": -18.055364876892,
  "[\"u2\", \"u4\"]": -4.733198465741992,
  "[\"u2\", \"u5\"]": -85.31659934382395,
  "[\"u2\", \"u6\"]": -4.733198465742063,
  "[\"u3\", \"u4\"]": -13.32216641114964,
  "[\"u3\", \"u5\"]": -13.322166411149853,
  "[\"u3\", \"u6\"]": -208.33778965161133,
  "[\"u4\", \"u5\"]": -1.4210854715202004e-13,
  "[\"u4\", \"u6\"]": 1.1368683772161603e-13,
  "[\"u5\", \"u6\"]": -2.842170943040401e-14,
  "[\"u1\", \"u2\", \"u3\"]": -1044.841702192267,
  "[\"u1\", \"u2\", \"u4\"]": -1947.3772031093176,
  "[\"u1\", \"u2\", \"u5\"]": -1320.4524819318572,
  "[\"u1\", \"u2\", \"u6\"]": -984.8218996409079,
  "[\"u1\", \"u3\", \"u4\"]": -1999.1217834864592,
  "[\"u1\", \"u3\", \"u5\"]": -1037.2108511078532,
  "[\"u1\", \"u3\", \"u6\"]": -1571.6014832354465,
  "[\"u1\", \"u4\", \"u5\"]": -1941.2000737047852,
  "[\"u1\", \"u4\", \"u6\"]": -1941.2000737047847,
  "[\"u1\", \"u5\", \"u6\"]": -975.408934735356,
  "[\"u2\", \"u3\", \"u4\"]": -18.055364876891815,
  "[\"u2\", \"u3\", \"u5\"]": -98.63876575497378,
  "[\"u2\", \"u3\", \"u6\"]": -213.07098811735347,
  "[\"u2\", \"u4\", \"u5\"]": -85.31659934382407,
  "[\"u2\", \"u4\", \"u6\"]": -4.733198465742063,
  "[\"u2\", \"u5\", \"u6\"]": -85.31659934382395,
  "[\"u3\", \"u4\", \"u5\"]": -13.322166411149967,
  "[\"u3\", \"u4\", \"u6\"]": -208.33778965161133,
  "[\"u3\", \"u5\", \"u6\"]": -208.33778965161147,
  "[\"u4\", \"u5\", \"u6\"]": 2.2453150450019166e-12,
  "[\"u1\", \"u2\", \"u3\", \"u4\"]": -2003.8549819522011,
  "[\"u1\", \"u2\", \"u3\", \"u5\"]": -1372.1665425001368,
  "[\"u1\", \"u2\", \"u3\", \"u6\"]": -1579.232334319861,
  "[\"u1\", \"u2\", \"u4\", \"u5\"]": -2254.245900756223,
  "[\"u1\", \"u2\", \"u4\", \"u6\"]": -1947.377203109318,
  "[\"u1\", \"u2\", \"u5\", \"u6\"]": -1320.4524819318572,
  "[\"u1\", \"u3\", \"u4\", \"u5\"]": -1999.1217834864592,
  "[\"u1\", \"u3\", \"u4\", \"u6\"]": -2533.5124156140523,
  "[\"u1\", \"u3\", \"u5\", \"u6\"]": -1571.6014832354467,
  "[\"u1\", \"u4\", \"u5\", \"u6\"]": -1941.2000737047824,
  "[\"u2\", \"u3\", \"u4\", \"u5\"]": -98.63876575497389,
  "[\"u2\", \"u3\", \"u4\", \"u6\"]": -213.0709881173534,
  "[\"u2\", \"u3\", \"u5\", \"u6\"]": -293.6543889954354,
  "[\"u2\", \"u4\", \"u5\", \"u6\"]": -85.31659934382168,
  "[\"u1\", \"u2\", \"u3\", \"u4\", \"u5\"]": -2289.7699793572738,
  "[\"u1\", \"u2\", \"u3\", \"u4\", \"u6\"]": -2538.245614079796,
  "[\"u1\", \"u2\", \"u3\", \"u5\", \"u6\"]": -1906.55717462773,
  "[\"u1\", \"u2\", \"u4\", \"u5\", \"u6\"]": -2254.24590075622,
  "[\"u1\", \"u3\", \"u4\", \"u5\", \"u6\"]": -2533.51241561405
}