method,violation,time,u1,u2,u3,u4,u5,u6,total_cost,total_profit
ip,2.6721116753888623,0.5388109683990479,-1073.038094777042,-215.3887309513741,-760.3785185461288,-21.995637750288836,-0.1723105369807172,-0.4041656967624476,-2071.377458258577,2071.377458258577
lp,2.672111675389033,0.07842278480529785,-1073.0380947770427,-215.4062021322813,-760.3785185461286,-21.995637750288438,-0.15483935607335297,-0.4041656967624476,-2071.377458258577,2071.377458258577
pca,258.3635276114966,0.5388109683990479,-807.095708053172,-247.80765002640683,-1016.4740374700976,-0.0,-0.0,-0.0,-2071.3773955496763,2071.3773955496763
chp,-0.0,103.44964647293091,-1099.8410997623714,-209.11714164549255,-753.9897568494196,-7.852983767545311,-0.17231053698162668,-0.4041656967660856,-2071.3774582585766,2071.3774582585766
rowgen,1.9339552181918407e-10,3.1402194499969482,-1113.222458967393,-207.52056903130438,-750.6343675509792,-5.3290705182007514e-14,0.0,-5.755396159656812e-13,-2071.377395549677,2071.377395549677
