method,violation,time,u1,u2,u3,u4,u5,u6,total_cost,total_profit
ip,-0.0,0.1498088836669922,-1205.0121141948707,-81.00431139846793,-446.9410622519963,-69.70794801622026,-81.27020243411266,-134.72189892093957,-2018.6575372166074,2018.6575372166074
lp,-0.0,0.08112740516662598,-1203.4066156156782,-86.4473183244315,-446.96103350107614,-69.52983709106456,-77.59083376341755,-134.72189892093957,-2018.6575372166076,2018.6575372166076
pca,152.53466480336087,0.1498088836669922,-1468.6316339777582,-94.01200530777977,-456.0138979310699,-0.0,-0.0,-0.0,-2018.657537216608,2018.657537216608
chp,-0.0,19.694709062576294,-1203.1196854791863,-85.97985908965629,-447.05453439576684,-69.7232663328657,-78.05829299819368,-134.7218989209391,-2018.6575372166076,2018.6575372166076
rowgen,1.8331292039874825e-10,1.275669813156128,-1316.096969174397,-152.2113074487969,-550.3492605934133,0.0,0.0,0.0,-2018.6575372166071,2018.6575372166071
