method,violation,time,u1,u2,u3,u4,u5,u6,total_cost,total_profit
ip,-0.0,1.0701360702514648,-1648.091238022773,-216.73797109177593,-651.2334075847589,-8.149493598581216,-67.34000000000003,-67.36094946046978,-2658.913059758359,2658.913059758359
lp,3.250306628299654,0.09061408042907715,-1612.1312980623047,-225.15217595498643,-659.8048154235818,-27.123820857016085,-67.34000000000003,-67.36094946046978,-2658.913059758359,2658.913059758359
pca,64.1881893646621,1.0701360702514648,-1734.053081295407,-254.19704486278818,-670.6618988612712,-0.0,-0.0,-0.0,-2658.9120250194665,2658.9120250194665
chp,-0.0,87.95048213005066,-1639.2424988652326,-218.8084724366782,-653.3425922013544,-12.818546794590475,-67.34000000001515,-67.3609494604882,-2658.913059758359,2658.913059758359
rowgen,-0.0,5.611693859100342,-1669.8648919307398,-274.8882820254638,-714.158851063257,-5.3290705182007514e-14,-8.171241461241152e-14,0.0,-2658.9120250194605,2658.9120250194605
