method,violation,time,u1,u2,u3,u4,u5,u6,total_cost,total_profit
ip,-0.0,0.1414356231689453,-443.7103965777611,-72.55933437292153,-434.64134541231135,-41.3507555592783,-79.65197307587562,-134.72189892093957,-1206.6357039190875,1206.6357039190875
lp,-0.0,0.08268523216247559,-443.7103965777611,-78.49743815815361,-434.64134541231135,-41.3507555592783,-73.71386929064352,-134.72189892093957,-1206.6357039190875,1206.6357039190875
pca,112.07814730203228,0.1414356231689453,-616.1532831789099,-100.92694934163838,-489.5554713985398,-0.0,-0.0,-0.0,-1206.635703919088,1206.635703919088
chp,-0.0,13.204803943634033,-443.7103965777611,-77.02779669240853,-434.6413454123111,-41.35075555927847,-75.18351075638861,-134.7218989209398,-1206.6357039190877,1206.6357039190877
rowgen,-0.0,1.6801557540893555,-504.07513587687686,-58.37512904060864,-550.3492605934136,0.0,-93.83617840818803,1.1368683772161603e-13,-1206.635703919087,1206.635703919087
brute_force,,2.5914618968963623,,,,,,,,
