method,violation,time,u1,u2,u3,u4,u5,u6,total_cost,total_profit
ip,2.6721116753893615,0.5442805290222168,-1073.038094777042,-215.3887309513741,-760.3785185461288,-21.995637750288836,-0.1723105369807172,-0.4041656967624476,-2071.377458258577,2071.377458258577
lp,2.6721116753886633,0.08289313316345215,-1073.0380947770427,-215.4062021322813,-760.3785185461286,-21.995637750288438,-0.15483935607335297,-0.4041656967624476,-2071.377458258577,2071.377458258577
pca,258.3635276114906,0.5442805290222168,-807.095708053172,-247.80765002640683,-1016.4740374700976,-0.0,-0.0,-0.0,-2071.3773955496763,2071.3773955496763
chp,-1.6653345369377348e-14,57.03916835784912,-1099.8410997623753,-209.11714164549613,-753.9897568494218,-7.852983767544117,-0.17231053697673815,-0.40416569676290237,-2071.3774582585766,2071.3774582585766
rowgen,-9.292323854825923e-13,3.119098663330078,-1113.222458967393,-207.52056903130438,-750.6343675509792,-5.3290705182007514e-14,0.0,-5.755396159656812e-13,-2071.377395549677,2071.377395549677
