method,violation,time,u1,u2,u3,u4,u5,u6,total_cost,total_profit
ip,-0.0,0.22893047332763672,-1209.4597177827338,-68.216746051599,-480.18908644003614,-146.00610216537825,-122.13558962987605,-134.72189892093957,-2160.729140990563,2160.729140990563
lp,0.12822022479908668,0.09141135215759277,-1167.5060773215782,-77.10047912383426,-490.0188767493735,-163.41122112903088,-127.97058774580648,-134.72189892093957,-2160.729140990563,2160.729140990563
pca,159.44841773279137,0.22893047332763672,-1617.6169906811435,-92.83028682275781,-450.28186348666185,-0.0,-0.0,-0.0,-2160.7291409905633,2160.7291409905633
chp,-0.0,23.00530171394348,-1174.5216045297198,-74.42353923523088,-488.08922524612376,-160.00010308178628,-128.97276997676312,-134.72189892093934,-2160.729140990563,2160.729140990563
rowgen,-0.0,2.637664794921875,-1458.1685729483522,-152.2113074487969,-550.3492605934133,0.0,0.0,0.0,-2160.7291409905624,2160.7291409905624
brute_force,,3.3965277671813965,,,,,,,,
