method,violation,time,u1,u2,u3,u4,u5,u6,total_cost,total_profit
ip,-0.0,0.9687991142272949,-1648.091238022773,-216.73797109719817,-651.2334075847589,-8.14949359858116,-67.34000000000003,-67.36094946046978,-2658.9130597637813,2658.9130597637813
lp,3.2503066228770976,0.09241271018981934,-1612.4983187894322,-225.15217596031528,-659.8048154235819,-26.75680012998174,-67.34000000000003,-67.36094946046978,-2658.913059763781,2658.913059763781
pca,64.18818936281343,0.9687991142272949,-1734.053081298872,-254.19704486329616,-670.6618988626115,-0.0,-0.0,-0.0,-2658.9120250247797,2658.9120250247797
chp,-0.0,56.10436129570007,-1639.332812511441,-218.80847243231375,-653.3425921866587,-12.728233191124616,-67.33999998177364,-67.3609494604691,-2658.9130597637804,2658.9130597637804
rowgen,-0.0,5.096930265426636,-1669.8648919361312,-274.88828202546415,-714.158851063257,-5.3290705182007514e-14,-8.171241461241152e-14,0.0,-2658.9120250248525,2658.9120250248525
