method,violation,time,u1,u2,u3,u4,u5,u6,total_cost,total_profit
ip,inf,0.6622898578643799,-1273.664446153215,-0.4108078082443001,-265.2339609069729,-799.9062233455077,-205.4466275752352,-253.08515060459365,-2797.7472163937687,2797.7472163937687
lp,,,,,,,,,0.0,0.0
pca,242.80772359939186,0.6622898578643799,-2746.900550997726,-13.329409861368891,-37.517255534674355,-0.0,-0.0,-0.0,-2797.747216393769,2797.747216393769
chp,-0.0,15.196517705917358,-1247.7360088449332,-7.506306369254105,-269.32002934775215,-814.58075104711,-203.30535461312678,-255.29876617159312,-2797.747216393769,2797.747216393769
rowgen,-2.842170943040401e-14,3.474329948425293,-2504.0928273983322,-85.31659934382392,-208.33778965160917,0.0,-2.842170943040401e-14,0.0,-2797.747216393765,2797.747216393765
brute_force,,2.7995166778564453,,,,,,,,
