{
  "[\"u1\"]": -1017.217589229113,
  "[\"u2\"]": -58.37512904060864,
  "[\"u3\"]": -283.1539445296167,
  "[\"u4\"]": 9.237055564881302e-14,
  "[\"u5\"]": 4.973799150320701e-14,
  "[\"u6\"]": 1.1368683772161603e-13,
  "[\"u1\", \"u2\", \"u3\", \"u4\", \"u5\", \"u6\"]": -2160.7291409905624,
  "[\"u2\", \"u3\", \"u4\", \"u5\", \"u6\"]": -702.5605680422102,
  "[\"u3\", \"u4\", \"u5\", \"u6\"]": -550.3492605934133,
  "[\"u1\", \"u2\", \"u4\", \"u5\"]": -1536.1165855450506,
  "[\"u1\", \"u2\"]": -1166.254409556555,
  "[\"u1\", \"u3\"]": -1417.4567881308526,
  "[\"u1\", \"u4\"]": -1260.3956561185062,
  "[\"u1\", \"u5\"]": -1017.2175892291128,
  "[\"u1\", \"u6\"]": -1017.2175892291127,
  "[\"u2\", \"u3\"]": -341.52907357022536,
  "[\"u2\", \"u4\"]": -58.37512904060855,
  "[\"u2\", \"u5\"]": -152.2113074487969,
  "[\"u2\", \"u6\"]": -58.37512904060853,
  "[\"u3\", \"u4\"]": -283.1539445296166,
  "[\"u3\", \"u5\"]": -283.15394452961664,
  "[\"u3\", \"u6\"]": -550.3492605934134,
  "[\"u4\", \"u5\"]": -2.913225216616411e-13,
  "[\"u4\", \"u6\"]": 3.410605131648481e-13,
  "[\"u5\", \"u6\"]": 2.7711166694643907e-13,
  "[\"u1\", \"u2\", \"u3\"]": -1553.835994741111,
  "[\"u1\", \"u2\", \"u4\"]": -1377.9267296844969,
  "[\"u1\", \"u2\", \"u5\"]": -1333.2869885516218,
  "[\"u1\", \"u2\", \"u6\"]": -1166.254409556555,
  "[\"u1\", \"u3\", \"u4\"]": -1658.1852457834943,
  "[\"u1\", \"u3\", \"u5\"]": -1417.4567881308526,
  "[\"u1\", \"u3\", \"u6\"]": -1684.6521041946485,
  "[\"u1\", \"u4\", \"u5\"]": -1260.3956561185068,
  "[\"u1\", \"u4\", \"u6\"]": -1260.3956561185062,
  "[\"u1\", \"u5\", \"u6\"]": -1017.2175892291126,
  "[\"u2\", \"u3\", \"u4\"]": -341.52907357022525,
  "[\"u2\", \"u3\", \"u5\"]": -435.36525197841377,
  "[\"u2\", \"u3\", \"u6\"]": -608.7243896340223,
  "[\"u2\", \"u4\", \"u5\"]": -152.21130744879713,
  "[\"u2\", \"u4\", \"u6\"]": -58.3751290406083,
  "[\"u2\", \"u5\", \"u6\"]": -152.21130744879656,
  "[\"u3\", \"u4\", \"u5\"]": -283.153944529617,
  "[\"u3\", \"u4\", \"u6\"]": -550.3492605934132,
  "[\"u3\", \"u5\", \"u6\"]": -550.3492605934133,
  "[\"u4\", \"u5\", \"u6\"]": 2.7711166694643907e-13,
  "[\"u1\", \"u2\", \"u3\", \"u4\"]": -1740.3392519628178,
  "[\"u1\", \"u2\", \"u3\", \"u5\"]": -1716.2402141581058,
  "[\"u1\", \"u2\", \"u3\", \"u6\"]": -1821.0313108049083,
  "[\"u1\", \"u2\", \"u4\", \"u6\"]": -1377.926729684497,
  "[\"u1\", \"u2\", \"u5\", \"u6\"]": -1333.2869885516216,
  "[\"u1\", \"u3\", \"u4\", \"u5\"]": -1658.1852457834948,
  "[\"u1\", \"u3\", \"u4\", \"u6\"]": -1925.3805618472907,
  "[\"u1\", \"u3\", \"u5\", \"u6\"]": -1684.6521041946482,
  "[\"u1\", \"u4\", \"u5\", \"u6\"]": -1260.3956561185062,
  "[\"u2\", \"u3\", \"u4\", \"u5\"]": -435.365251978414,
  "[\"u2\", \"u3\", \"u4\", \"u6\"]": -608.7243896340219,
  "[\"u2\", \"u3\", \"u5\", \"u6\"]": -702.5605680422101,
  "[\"u2\", \"u4\", \"u5\", \"u6\"]": -152.21130744879662,
  "[\"u1\", \"u2\", \"u3\", \"u4\", \"u5\"]": -1893.5338249267675,
  "[\"u1\", \"u2\", \"u3\", \"u4\", \"u6\"]": -2007.5345680266148,
  "[\"u1\", \"u2\", \"u3\", \"u5\", \"u6\"]": -1983.4355302219012,
  "[\"u1\", \"u2\", \"u4\", \"u5\", \"u6\"]": -1536.11658554505,
  "[\"u1\", \"u3\", \"u4\", \"u5\", \"u6\"]": -1925.3805618472911
}