{
  "[\"u1\"]": -980.3052246042062,
  "[\"u2\"]": -4.733198465742177,
  "[\"u3\"]": -13.322166411149825,
  "[\"u4\"]": 1.8474111129762605e-13,
  "[\"u5\"]": -2.842170943040401e-14,
  "[\"u6\"]": 1.1368683772161603e-13,
  "[\"u1\", \"u2\", \"u3\", \"u4\", \"u5\", \"u6\"]": -2745.200211517429,
  "[\"u2\", \"u3\", \"u4\", \"u5\", \"u6\"]": -293.6543889954331,
  "[\"u3\", \"u4\", \"u5\", \"u6\"]": -208.3377896516092,
  "[\"u2\", \"u5\"]": -85.31659934382395,
  "[\"u1\", \"u2\"]": -989.3304502270399,
  "[\"u1\", \"u3\"]": -1039.6945285763313,
  "[\"u1\", \"u4\"]": -1943.6464582109647,
  "[\"u1\", \"u5\"]": -980.305224604206,
  "[\"u1\", \"u6\"]": -980.3052246042059,
  "[\"u2\", \"u3\"]": -18.055364876892,
  "[\"u2\", \"u4\"]": -4.733198465741992,
  "[\"u2\", \"u6\"]": -4.733198465742063,
  "[\"u3\", \"u4\"]": -13.32216641114964,
  "[\"u3\", \"u5\"]": -13.322166411149853,
  "[\"u3\", \"u6\"]": -208.33778965161133,
  "[\"u4\", \"u5\"]": -1.4210854715202004e-13,
  "[\"u4\", \"u6\"]": 1.1368683772161603e-13,
  "[\"u5\", \"u6\"]": -2.842170943040401e-14,
  "[\"u1\", \"u2\", \"u3\"]": -1046.9376403780266,
  "[\"u1\", \"u2\", \"u4\"]": -1949.4358483327792,
  "[\"u1\", \"u2\", \"u5\"]": -1322.5881253191544,
  "[\"u1\", \"u2\", \"u6\"]": -989.3304502270398,
  "[\"u1\", \"u3\", \"u4\"]": -2002.3098400180245,
  "[\"u1\", \"u3\", \"u5\"]": -1039.6945285763313,
  "[\"u1\", \"u3\", \"u6\"]": -1574.0851607039249,
  "[\"u1\", \"u4\", \"u5\"]": -1943.6464582109645,
  "[\"u1\", \"u4\", \"u6\"]": -1943.6464582109645,
  "[\"u1\", \"u5\", \"u6\"]": -980.3052246042063,
  "[\"u2\", \"u3\", \"u4\"]": -18.055364876891815,
  "[\"u2\", \"u3\", \"u5\"]": -98.63876575497378,
  "[\"u2\", \"u3\", \"u6\"]": -213.07098811735347,
  "[\"u2\", \"u4\", \"u5\"]": -85.31659934382407,
  "[\"u2\", \"u4\", \"u6\"]": -4.733198465742063,
  "[\"u2\", \"u5\", \"u6\"]": -85.31659934382395,
  "[\"u3\", \"u4\", \"u5\"]": -13.322166411149967,
  "[\"u3\", \"u4\", \"u6\"]": -208.33778965161133,
  "[\"u3\", \"u5\", \"u6\"]": -208.33778965161147,
  "[\"u4\", \"u5\", \"u6\"]": 2.2453150450019166e-12,
  "[\"u1\", \"u2\", \"u3\", \"u4\"]": -2007.0430384837664,
  "[\"u1\", \"u2\", \"u3\", \"u5\"]": -1374.065829948997,
  "[\"u1\", \"u2\", \"u3\", \"u6\"]": -1581.3282725056201,
  "[\"u1\", \"u2\", \"u4\", \"u5\"]": -2254.2405406896005,
  "[\"u1\", \"u2\", \"u4\", \"u6\"]": -1949.4358483327796,
  "[\"u1\", \"u2\", \"u5\", \"u6\"]": -1322.588125319154,
  "[\"u1\", \"u3\", \"u4\", \"u5\"]": -2002.3098400180247,
  "[\"u1\", \"u3\", \"u4\", \"u6\"]": -2536.7004721456187,
  "[\"u1\", \"u3\", \"u5\", \"u6\"]": -1574.0851607039249,
  "[\"u1\", \"u4\", \"u5\", \"u6\"]": -1943.6464582109625,
  "[\"u2\", \"u3\", \"u4\", \"u5\"]": -98.63876575497389,
  "[\"u2\", \"u3\", \"u4\", \"u6\"]": -213.0709881173534,
  "[\"u2\", \"u3\", \"u5\", \"u6\"]": -293.6543889954354,
  "[\"u2\", \"u4\", \"u5\", \"u6\"]": -85.31659934382168,
  "[\"u1\", \"u2\", \"u3\", \"u4\", \"u5\"]": -2280.8575820217065,
  "[\"u1\", \"u2\", \"u3\", \"u4\", \"u6\"]": -2541.433670611361,
  "[\"u1\", \"u2\", \"u3\", \"u5\", \"u6\"]": -1908.4564620765914,
  "[\"u1\", \"u2\", \"u4\", \"u5\", \"u6\"]": -2254.2405406895978,
  "[\"u1\", \"u3\", \"u4\", \"u5\", \"u6\"]": -2536.700472145617
}