{
  "[\"u1\"]": -975.4089347353558,
  "[\"u2\"]": -58.37512904060864,
  "[\"u3\"]": -283.1539445296167,
  "[\"u4\"]": 9.237055564881302e-14,
  "[\"u5\"]": 4.973799150320701e-14,
  "[\"u6\"]": 1.1368683772161603e-13,
  "[\"u1\", \"u2\", \"u3\", \"u4\", \"u5\", \"u6\"]": -2111.1630102581157,
  "[\"u2\", \"u3\", \"u4\", \"u5\", \"u6\"]": -702.5605680422102,
  "[\"u3\", \"u4\", \"u5\", \"u6\"]": -550.3492605934133,
  "[\"u1\", \"u2\", \"u4\", \"u5\"]": -1486.138004887092,
  "[\"u1\", \"u2\"]": -1123.067599915492,
  "[\"u1\", \"u3\"]": -1375.7540282507107,
  "[\"u1\", \"u4\"]": -1218.6941484997158,
  "[\"u1\", \"u5\"]": -975.4089347353558,
  "[\"u1\", \"u6\"]": -975.4089347353558,
  "[\"u2\", \"u3\"]": -341.52907357022536,
  "[\"u2\", \"u4\"]": -58.37512904060855,
  "[\"u2\", \"u5\"]": -152.2113074487969,
  "[\"u2\", \"u6\"]": -58.37512904060853,
  "[\"u3\", \"u4\"]": -283.1539445296166,
  "[\"u3\", \"u5\"]": -283.15394452961664,
  "[\"u3\", \"u6\"]": -550.3492605934134,
  "[\"u4\", \"u5\"]": -2.913225216616411e-13,
  "[\"u4\", \"u6\"]": 3.410605131648481e-13,
  "[\"u5\", \"u6\"]": 2.7711166694643907e-13,
  "[\"u1\", \"u2\", \"u3\"]": -1507.5506699291066,
  "[\"u1\", \"u2\", \"u4\"]": -1328.8234514255673,
  "[\"u1\", \"u2\", \"u5\"]": -1289.7804632981045,
  "[\"u1\", \"u2\", \"u6\"]": -1123.0675999154919,
  "[\"u1\", \"u3\", \"u4\"]": -1615.4126725860078,
  "[\"u1\", \"u3\", \"u5\"]": -1375.7540282507107,
  "[\"u1\", \"u3\", \"u6\"]": -1642.9493443145063,
  "[\"u1\", \"u4\", \"u5\"]": -1218.6941484997162,
  "[\"u1\", \"u4\", \"u6\"]": -1218.6941484997153,
  "[\"u1\", \"u5\", \"u6\"]": -975.4089347353556,
  "[\"u2\", \"u3\", \"u4\"]": -341.52907357022525,
  "[\"u2\", \"u3\", \"u5\"]": -435.36525197841377,
  "[\"u2\", \"u3\", \"u6\"]": -608.7243896340223,
  "[\"u2\", \"u4\", \"u5\"]": -152.21130744879713,
  "[\"u2\", \"u4\", \"u6\"]": -58.3751290406083,
  "[\"u2\", \"u5\", \"u6\"]": -152.21130744879656,
  "[\"u3\", \"u4\", \"u5\"]": -283.153944529617,
  "[\"u3\", \"u4\", \"u6\"]": -550.3492605934132,
  "[\"u3\", \"u5\", \"u6\"]": -550.3492605934133,
  "[\"u4\", \"u5\", \"u6\"]": 2.7711166694643907e-13,
  "[\"u1\", \"u2\", \"u3\", \"u4\"]": -1689.6368909851353,
  "[\"u1\", \"u2\", \"u3\", \"u5\"]": -1669.1950353131758,
  "[\"u1\", \"u2\", \"u3\", \"u6\"]": -1774.7459859929027,
  "[\"u1\", \"u2\", \"u4\", \"u6\"]": -1328.823451425567,
  "[\"u1\", \"u2\", \"u5\", \"u6\"]": -1289.7804632981042,
  "[\"u1\", \"u3\", \"u4\", \"u5\"]": -1615.4126725860083,
  "[\"u1\", \"u3\", \"u4\", \"u6\"]": -1882.6079886498046,
  "[\"u1\", \"u3\", \"u5\", \"u6\"]": -1642.949344314506,
  "[\"u1\", \"u4\", \"u5\", \"u6\"]": -1218.6941484997158,
  "[\"u2\", \"u3\", \"u4\", \"u5\"]": -435.365251978414,
  "[\"u2\", \"u3\", \"u4\", \"u6\"]": -608.7243896340219,
  "[\"u2\", \"u3\", \"u5\", \"u6\"]": -702.5605680422101,
  "[\"u2\", \"u4\", \"u5\", \"u6\"]": -152.21130744879662,
  "[\"u1\", \"u2\", \"u3\", \"u4\", \"u5\"]": -1843.9676941943208,
  "[\"u1\", \"u2\", \"u3\", \"u4\", \"u6\"]": -1956.83220704893,
  "[\"u1\", \"u2\", \"u3\", \"u5\", \"u6\"]": -1936.3903513769715,
  "[\"u1\", \"u2\", \"u4\", \"u5\", \"u6\"]": -1486.1380048870924,
  "[\"u1\", \"u3\", \"u4\", \"u5\", \"u6\"]": -1882.6079886498048
}