{
  "[\"u1\"]": -796.1929674039545,
  "[\"u2\"]": -4.733198465742177,
  "[\"u3\"]": -13.322166411149825,
  "[\"u4\"]": 1.8474111129762605e-13,
  "[\"u5\"]": -2.842170943040401e-14,
  "[\"u6\"]": 1.1368683772161603e-13,
  "[\"u1\", \"u2\", \"u3\", \"u4\", \"u5\", \"u6\"]": -2255.6276337782465,
  "[\"u2\", \"u3\", \"u4\", \"u5\", \"u6\"]": -293.6543889954331,
  "[\"u3\", \"u4\", \"u5\", \"u6\"]": -208.3377896516092,
  "[\"u2\", \"u5\"]": -85.31659934382395,
  "[\"u1\", \"u2\"]": -801.0520335959152,
  "[\"u1\", \"u3\"]": -848.2451994074446,
  "[\"u1\", \"u4\"]": -1628.163876944054,
  "[\"u1\", \"u5\"]": -796.1929674039545,
  "[\"u1\", \"u6\"]": -796.1929674039545,
  "[\"u2\", \"u3\"]": -18.055364876892,
  "[\"u2\", \"u4\"]": -4.733198465741992,
  "[\"u2\", \"u6\"]": -4.733198465742063,
  "[\"u3\", \"u4\"]": -13.32216641114964,
  "[\"u3\", \"u5\"]": -13.322166411149853,
  "[\"u3\", \"u6\"]": -208.33778965161133,
  "[\"u4\", \"u5\"]": -1.4210854715202004e-13,
  "[\"u4\", \"u6\"]": 1.1368683772161603e-13,
  "[\"u5\", \"u6\"]": -2.842170943040401e-14,
  "[\"u1\", \"u2\", \"u3\"]": -852.9783978731869,
  "[\"u1\", \"u2\", \"u4\"]": -1632.897075409796,
  "[\"u1\", \"u2\", \"u5\"]": -1067.345244722383,
  "[\"u1\", \"u2\", \"u6\"]": -801.052033595915,
  "[\"u1\", \"u3\", \"u4\"]": -1665.357383817803,
  "[\"u1\", \"u3\", \"u5\"]": -848.2451994074447,
  "[\"u1\", \"u3\", \"u6\"]": -1370.830848301663,
  "[\"u1\", \"u4\", \"u5\"]": -1628.1638769440542,
  "[\"u1\", \"u4\", \"u6\"]": -1628.163876944054,
  "[\"u1\", \"u5\", \"u6\"]": -796.1929674039545,
  "[\"u2\", \"u3\", \"u4\"]": -18.055364876891815,
  "[\"u2\", \"u3\", \"u5\"]": -98.63876575497378,
  "[\"u2\", \"u3\", \"u6\"]": -213.07098811735347,
  "[\"u2\", \"u4\", \"u5\"]": -85.31659934382407,
  "[\"u2\", \"u4\", \"u6\"]": -4.733198465742063,
  "[\"u2\", \"u5\", \"u6\"]": -85.31659934382395,
  "[\"u3\", \"u4\", \"u5\"]": -13.322166411149967,
  "[\"u3\", \"u4\", \"u6\"]": -208.33778965161133,
  "[\"u3\", \"u5\", \"u6\"]": -208.33778965161147,
  "[\"u4\", \"u5\", \"u6\"]": 2.2453150450019166e-12,
  "[\"u1\", \"u2\", \"u3\", \"u4\"]": -1670.0905822835452,
  "[\"u1\", \"u2\", \"u3\", \"u5\"]": -1103.2325392932767,
  "[\"u1\", \"u2\", \"u3\", \"u6\"]": -1375.5640467674052,
  "[\"u1\", \"u2\", \"u4\", \"u5\"]": -1817.0927240786677,
  "[\"u1\", \"u2\", \"u4\", \"u6\"]": -1632.897075409796,
  "[\"u1\", \"u2\", \"u5\", \"u6\"]": -1067.345244722383,
  "[\"u1\", \"u3\", \"u4\", \"u5\"]": -1665.3573838178036,
  "[\"u1\", \"u3\", \"u4\", \"u6\"]": -2126.801455930955,
  "[\"u1\", \"u3\", \"u5\", \"u6\"]": -1370.8308483016633,
  "[\"u1\", \"u4\", \"u5\", \"u6\"]": -1628.163876944052,
  "[\"u2\", \"u3\", \"u4\", \"u5\"]": -98.63876575497389,
  "[\"u2\", \"u3\", \"u4\", \"u6\"]": -213.0709881173534,
  "[\"u2\", \"u3\", \"u5\", \"u6\"]": -293.6543889954354,
  "[\"u2\", \"u4\", \"u5\", \"u6\"]": -85.31659934382168,
  "[\"u1\", \"u2\", \"u3\", \"u4\", \"u5\"]": -1838.0630440883901,
  "[\"u1\", \"u2\", \"u3\", \"u4\", \"u6\"]": -2131.534654396698,
  "[\"u1\", \"u2\", \"u3\", \"u5\", \"u6\"]": -1597.381564451327,
  "[\"u1\", \"u2\", \"u4\", \"u5\", \"u6\"]": -1817.092724078665,
  "[\"u1\", \"u3\", \"u4\", \"u5\", \"u6\"]": -2126.801455930953
}