{
  "electricity": {
    "0": 81.99,
    "1": 78.61,
    "2": 78.61,
    "3": 78.61,
    "4": 78.61,
    "5": 78.61,
    "6": 79.74,
    "7": 69.35274405565018,
    "8": 69.35274405565018,
    "9": 76.0,
    "10": 71.2,
    "11": 71.2,
    "12": 49.37117621980495,
    "13": 49.37117621980495,
    "14": 71.2,
    "15": 71.32999999999998,
    "16": 81.98999999999998,
    "17": 81.98999999999998,
    "18": 81.98999999999998,
    "19": 81.98999999999998,
    "20": 69.35274405565018,
    "21": 66.41189999999999,
    "22": 66.41189999999999,
    "23": 66.41189999999999
  },
  "heat": {
    "0": 45.99771428571428,
    "1": 45.99771428571428,
    "2": 45.99771428571428,
    "3": 45.99771428571428,
    "4": 45.99771428571428,
    "5": 45.99771428571428,
    "6": 68.99657142857143,
    "7": 68.99657142857143,
    "8": 68.99657142857143,
    "9": 68.99657142857143,
    "10": 45.99771428571428,
    "11": 45.99771428571428,
    "12": 45.99771428571428,
    "13": 45.99771428571428,
    "14": 45.99771428571428,
    "15": 45.99771428571428,
    "16": 45.99771428571428,
    "17": 45.99771428571428,
    "18": 45.99771428571428,
    "19": 68.99657142857143,
    "20": 68.99657142857143,
    "21": 68.99657142857143,
    "22": 68.99657142857143,
    "23": 45.99771428571428
  },
  "hydrogen": {
    "0": 0.0,
    "1": 0.0,
    "2": 0.0,
    "3": 0.0,
    "4": 0.0,
    "5": 0.0,
    "6": 0.0,
    "7": 0.0,
    "8": 0.0,
    "9": 3.6480311483148,
    "10": 4.383064177880153,
    "11": 4.594737640375637,
    "12": 3.3333333333333335,
    "13": 3.3333333333333335,
    "14": 3.8323017784934574,
    "15": 3.839207666572167,
    "16": 4.405490489026384,
    "17": 4.405490489026384,
    "18": 4.405490489026384,
    "19": 3.9316128138201356,
    "20": 3.3333333333333335,
    "21": 0.0,
    "22": 0.0,
    "23": 0.0
  },
  "export_capacity": {
    "electricity": {},
    "heat": {},
    "hydrogen": {}
  }
}