{
  "[\"u1\"]": -1111.954028135478,
  "[\"u2\"]": -58.37512904060864,
  "[\"u3\"]": -283.1539445296167,
  "[\"u4\"]": 9.947598300641403e-14,
  "[\"u5\"]": 4.973799150320701e-14,
  "[\"u6\"]": 1.4210854715202004e-14,
  "[\"u1\", \"u2\", \"u3\", \"u4\", \"u5\", \"u6\"]": -2385.861776657178,
  "[\"u2\", \"u3\", \"u4\", \"u5\", \"u6\"]": -753.3171357514085,
  "[\"u3\", \"u4\", \"u5\", \"u6\"]": -601.1058283026119,
  "[\"u2\", \"u5\"]": -152.2113074487969,
  "[\"u1\", \"u2\"]": -1261.9167480701603,
  "[\"u1\", \"u3\"]": -1510.0556060699369,
  "[\"u1\", \"u4\"]": -1455.7104844083958,
  "[\"u1\", \"u5\"]": -1111.9540281354778,
  "[\"u1\", \"u6\"]": -1111.954028135478,
  "[\"u2\", \"u3\"]": -341.52907357022536,
  "[\"u2\", \"u4\"]": -58.37512904060854,
  "[\"u2\", \"u6\"]": -58.37512904060863,
  "[\"u3\", \"u4\"]": -283.1539445296166,
  "[\"u3\", \"u5\"]": -283.15394452961664,
  "[\"u3\", \"u6\"]": -601.1058283026113,
  "[\"u4\", \"u5\"]": 3.907985046680551e-13,
  "[\"u4\", \"u6\"]": -4.405364961712621e-13,
  "[\"u5\", \"u6\"]": -1.7763568394002505e-13,
  "[\"u1\", \"u2\", \"u3\"]": -1654.2933596858961,
  "[\"u1\", \"u2\", \"u4\"]": -1572.3886687665472,
  "[\"u1\", \"u2\", \"u5\"]": -1429.675995875245,
  "[\"u1\", \"u2\", \"u6\"]": -1261.916748070159,
  "[\"u1\", \"u3\", \"u4\"]": -1850.5208614051621,
  "[\"u1\", \"u3\", \"u5\"]": -1510.0556060699366,
  "[\"u1\", \"u3\", \"u6\"]": -1828.0074898429311,
  "[\"u1\", \"u4\", \"u5\"]": -1455.7104844083956,
  "[\"u1\", \"u4\", \"u6\"]": -1455.7104844083965,
  "[\"u1\", \"u5\", \"u6\"]": -1111.954028135478,
  "[\"u2\", \"u3\", \"u4\"]": -341.52907357022525,
  "[\"u2\", \"u3\", \"u5\"]": -435.36525197841377,
  "[\"u2\", \"u3\", \"u6\"]": -659.4809573432195,
  "[\"u2\", \"u4\", \"u5\"]": -152.21130744879645,
  "[\"u2\", \"u4\", \"u6\"]": -58.37512904060908,
  "[\"u2\", \"u5\", \"u6\"]": -152.21130744879702,
  "[\"u3\", \"u4\", \"u5\"]": -283.1539445296163,
  "[\"u3\", \"u4\", \"u6\"]": -601.1058283026117,
  "[\"u3\", \"u5\", \"u6\"]": -601.1058283026115,
  "[\"u4\", \"u5\", \"u6\"]": -6.323830348264892e-13,
  "[\"u1\", \"u2\", \"u3\", \"u4\"]": -1933.3101369306767,
  "[\"u1\", \"u2\", \"u3\", \"u5\"]": -1822.0526074909822,
  "[\"u1\", \"u2\", \"u3\", \"u6\"]": -1972.2452434588918,
  "[\"u1\", \"u2\", \"u4\", \"u5\"]": -1732.6965952238702,
  "[\"u1\", \"u2\", \"u4\", \"u6\"]": -1572.3886687665492,
  "[\"u1\", \"u2\", \"u5\", \"u6\"]": -1429.675995875246,
  "[\"u1\", \"u3\", \"u4\", \"u5\"]": -1850.5208614051621,
  "[\"u1\", \"u3\", \"u4\", \"u6\"]": -2168.472745178157,
  "[\"u1\", \"u3\", \"u5\", \"u6\"]": -1828.0074898429311,
  "[\"u1\", \"u4\", \"u5\", \"u6\"]": -1455.710484408397,
  "[\"u2\", \"u3\", \"u4\", \"u5\"]": -435.3652519784133,
  "[\"u2\", \"u3\", \"u4\", \"u6\"]": -659.4809573432201,
  "[\"u2\", \"u3\", \"u5\", \"u6\"]": -753.3171357514082,
  "[\"u2\", \"u4\", \"u5\", \"u6\"]": -152.21130744879753,
  "[\"u1\", \"u2\", \"u3\", \"u4\", \"u5\"]": -2067.9098931241065,
  "[\"u1\", \"u2\", \"u3\", \"u4\", \"u6\"]": -2251.26202070367,
  "[\"u1\", \"u2\", \"u3\", \"u5\", \"u6\"]": -2140.0044912639783,
  "[\"u1\", \"u2\", \"u4\", \"u5\", \"u6\"]": -1732.6965952238716,
  "[\"u1\", \"u3\", \"u4\", \"u5\", \"u6\"]": -2168.4727451781573
}