{
  "players_with_renewables": [
    "u1"
  ],
  "players_with_solar": [],
  "players_with_wind": [
    "u1"
  ],
  "players_with_electrolyzers": [
    "u2"
  ],
  "players_with_heatpumps": [
    "u3"
  ],
  "players_with_elec_storage": [
    "u1"
  ],
  "players_with_hydro_storage": [
    "u2"
  ],
  "players_with_heat_storage": [
    "u3"
  ],
  "players_with_nfl_elec_demand": [
    "u4"
  ],
  "players_with_nfl_hydro_demand": [
    "u5"
  ],
  "players_with_nfl_heat_demand": [
    "u6"
  ],
  "players_with_fl_elec_demand": [
    "u2",
    "u3"
  ],
  "players_with_fl_hydro_demand": [],
  "players_with_fl_heat_demand": [],
  "storage_power_ratio_E": 0.25,
  "storage_power_ratio_G": 0.25,
  "storage_power_ratio_H": 0.25,
  "storage_capacity_ratio_E": 3.0,
  "storage_capacity_ratio_G": 0.0,
  "storage_capacity_ratio_H": 0.0,
  "initial_soc_ratio_E": 0.2,
  "initial_soc_ratio_G": 0.2,
  "initial_soc_ratio_H": 0.2,
  "nu_ch_E": 0.95,
  "nu_dis_E": 0.95,
  "nu_ch_G": 0.95,
  "nu_dis_G": 0.95,
  "nu_ch_H": 0.9,
  "nu_dis_H": 0.9,
  "hp_cap": 0.8,
  "els_cap": 1,
  "e_E_cap_ratio": 1.0,
  "e_H_cap_ratio": 1.0,
  "e_G_cap_ratio": 1.0,
  "c_res": 0.05,
  "c_hp": 2.69,
  "c_els": 0.05,
  "nu_cop": 3.28,
  "c_sto_E": 0.0,
  "c_sto_G": 0.0,
  "c_sto_H": 0.0,
  "min_down_time_G": 2,
  "c_RU_H": 0.9,
  "c_RD_H": 0.9,
  "c_RSU_H": 0.9,
  "c_RSD_H": 0.9,
  "c_su_G": 50,
  "c_su_H": 10,
  "c_min_G": 0.15,
  "c_sb_G": 0.01,
  "c_max_G": 1.0,
  "c_min_H": 0.2,
  "c_max_H": 0.8,
  "use_tou_elec": false,
  "El": {
    "El_cap_tot": 1,
    "El_cap": 1.0,
    "N_u": 1,
    "P_min": 0.15,
    "P_sb": 0.01,
    "C_cold": 50,
    "P_eta_max": 0.28231500736094994,
    "eta_max": 19.779337694173247,
    "p_val": [
      0.15,
      0.28231500736094994,
      0.424,
      0.568,
      0.712,
      0.856,
      1.0
    ],
    "eff_type": 1,
    "Area": 99.48163051108466,
    "eta_full_load": 17.546973965574917,
    "N_p": 7,
    "N_s": 6,
    "a": [
      21.122663164157416,
      18.82451590850055,
      17.419129314124763,
      16.43178985519501,
      15.666470901962803,
      15.03690646288476
    ],
    "b": [
      -0.3792409399467327,
      0.2695605194505869,
      0.8654444354659188,
      1.42625324813802,
      1.971160342839361,
      2.5100675026901587
    ],
    "Q_0": 0,
    "Q_1": 0,
    "p_els_cap": 17.546973965574917
  },
  "c_res_u1": 0.05,
  "renewable_cap_u1_0": 0.4869853677765307,
  "renewable_cap_u1_1": 0.6173843386793022,
  "renewable_cap_u1_2": 0.7318724667150616,
  "renewable_cap_u1_3": 0.8045313843244185,
  "renewable_cap_u1_4": 0.8538740771591375,
  "renewable_cap_u1_5": 0.9116488848194924,
  "renewable_cap_u1_6": 0.93793439212606,
  "renewable_cap_u1_7": 0.9595039619199841,
  "renewable_cap_u1_8": 1.0,
  "renewable_cap_u1_9": 0.9963836642809522,
  "renewable_cap_u1_10": 0.9962998601895102,
  "renewable_cap_u1_11": 0.9998753155412962,
  "renewable_cap_u1_12": 0.9901273124416091,
  "renewable_cap_u1_13": 0.9641018172148019,
  "renewable_cap_u1_14": 0.9386410405096618,
  "renewable_cap_u1_15": 0.9022154345369799,
  "renewable_cap_u1_16": 0.8851429910897294,
  "renewable_cap_u1_17": 0.8877180746594403,
  "renewable_cap_u1_18": 0.9070173853680916,
  "renewable_cap_u1_19": 0.9291483349117468,
  "renewable_cap_u1_20": 0.9275800208257756,
  "renewable_cap_u1_21": 0.9275231904703011,
  "renewable_cap_u1_22": 0.9202979007608321,
  "renewable_cap_u1_23": 0.9161070988528279,
  "c_hp_u3": 2.69,
  "nu_cop_u3": 3.28,
  "c_su_H_u3": 10,
  "c_els_u2": 0.05,
  "c_su_G_u2": 50,
  "c_sto_E_u1": 0.0,
  "c_sto_G_u2": 0.0,
  "c_sto_H_u3": 0.0,
  "pi_E_gri": {
    "import": [
      81.99,
      78.61,
      78.61,
      78.61,
      78.61,
      78.61,
      79.74,
      79.74,
      77.32,
      76.0,
      71.2,
      71.2,
      0.0,
      6.85,
      71.2,
      71.32999999999998,
      84.92,
      96.78,
      96.78,
      96.99999999999999,
      97.02000000000001,
      97.63000000000001,
      97.63000000000001,
      97.08
    ],
    "export": [
      54.66,
      52.406666666666666,
      52.406666666666666,
      52.406666666666666,
      52.406666666666666,
      52.406666666666666,
      53.16,
      53.16,
      51.54666666666667,
      50.666666666666664,
      47.46666666666667,
      47.46666666666667,
      0.0,
      4.566666666666666,
      47.46666666666667,
      47.55333333333333,
      56.61333333333334,
      64.52,
      64.52,
      64.66666666666666,
      64.68,
      65.08666666666667,
      65.08666666666667,
      64.72
    ]
  },
  "pi_G_gri": {
    "export": [
      3.3333333333333335,
      3.3333333333333335,
      3.3333333333333335,
      3.3333333333333335,
      3.3333333333333335,
      3.3333333333333335,
      3.3333333333333335,
      3.3333333333333335,
      3.3333333333333335,
      3.3333333333333335,
      3.3333333333333335,
      3.3333333333333335,
      3.3333333333333335,
      3.3333333333333335,
      3.3333333333333335,
      3.3333333333333335,
      3.3333333333333335,
      3.3333333333333335,
      3.3333333333333335,
      3.3333333333333335,
      3.3333333333333335,
      3.3333333333333335,
      3.3333333333333335,
      3.3333333333333335
    ],
    "import": [
      5.0,
      5.0,
      5.0,
      5.0,
      5.0,
      5.0,
      5.0,
      5.0,
      5.0,
      5.0,
      5.0,
      5.0,
      5.0,
      5.0,
      5.0,
      5.0,
      5.0,
      5.0,
      5.0,
      5.0,
      5.0,
      5.0,
      5.0,
      5.0
    ]
  },
  "pi_H_gri": {
    "import": [
      68.99657142857143,
      68.99657142857143,
      68.99657142857143,
      68.99657142857143,
      68.99657142857143,
      68.99657142857143,
      68.99657142857143,
      68.99657142857143,
      68.99657142857143,
      68.99657142857143,
      68.99657142857143,
      68.99657142857143,
      68.99657142857143,
      68.99657142857143,
      68.99657142857143,
      68.99657142857143,
      68.99657142857143,
      68.99657142857143,
      68.99657142857143,
      68.99657142857143,
      68.99657142857143,
      68.99657142857143,
      68.99657142857143,
      68.99657142857143
    ],
    "export": [
      45.99771428571428,
      45.99771428571428,
      45.99771428571428,
      45.99771428571428,
      45.99771428571428,
      45.99771428571428,
      45.99771428571428,
      45.99771428571428,
      45.99771428571428,
      45.99771428571428,
      45.99771428571428,
      45.99771428571428,
      45.99771428571428,
      45.99771428571428,
      45.99771428571428,
      45.99771428571428,
      45.99771428571428,
      45.99771428571428,
      45.99771428571428,
      45.99771428571428,
      45.99771428571428,
      45.99771428571428,
      45.99771428571428,
      45.99771428571428
    ]
  },
  "pi_E_gri_import_0": 81.99,
  "pi_E_gri_export_0": 54.66,
  "pi_G_gri_export_0": 3.3333333333333335,
  "pi_G_gri_import_0": 5.0,
  "pi_H_gri_import_0": 68.99657142857143,
  "pi_H_gri_export_0": 45.99771428571428,
  "pi_E_gri_import_1": 78.61,
  "pi_E_gri_export_1": 52.406666666666666,
  "pi_G_gri_export_1": 3.3333333333333335,
  "pi_G_gri_import_1": 5.0,
  "pi_H_gri_import_1": 68.99657142857143,
  "pi_H_gri_export_1": 45.99771428571428,
  "pi_E_gri_import_2": 78.61,
  "pi_E_gri_export_2": 52.406666666666666,
  "pi_G_gri_export_2": 3.3333333333333335,
  "pi_G_gri_import_2": 5.0,
  "pi_H_gri_import_2": 68.99657142857143,
  "pi_H_gri_export_2": 45.99771428571428,
  "pi_E_gri_import_3": 78.61,
  "pi_E_gri_export_3": 52.406666666666666,
  "pi_G_gri_export_3": 3.3333333333333335,
  "pi_G_gri_import_3": 5.0,
  "pi_H_gri_import_3": 68.99657142857143,
  "pi_H_gri_export_3": 45.99771428571428,
  "pi_E_gri_import_4": 78.61,
  "pi_E_gri_export_4": 52.406666666666666,
  "pi_G_gri_export_4": 3.3333333333333335,
  "pi_G_gri_import_4": 5.0,
  "pi_H_gri_import_4": 68.99657142857143,
  "pi_H_gri_export_4": 45.99771428571428,
  "pi_E_gri_import_5": 78.61,
  "pi_E_gri_export_5": 52.406666666666666,
  "pi_G_gri_export_5": 3.3333333333333335,