{
  "[\"u1\"]": -918.2179910232635,
  "[\"u2\"]": -58.37512904060864,
  "[\"u3\"]": -283.1539445296167,
  "[\"u4\"]": 9.237055564881302e-14,
  "[\"u5\"]": 4.973799150320701e-14,
  "[\"u6\"]": 1.1368683772161603e-13,
  "[\"u1\", \"u2\", \"u3\", \"u4\", \"u5\", \"u6\"]": -2036.4906157770592,
  "[\"u2\", \"u3\", \"u4\", \"u5\", \"u6\"]": -702.5605680422102,
  "[\"u3\", \"u4\", \"u5\", \"u6\"]": -550.3492605934133,
  "[\"u2\", \"u5\"]": -152.2113074487969,
  "[\"u1\", \"u2\"]": -1064.2413685843185,
  "[\"u1\", \"u3\"]": -1316.1504721382462,
  "[\"u1\", \"u4\"]": -1159.053299424953,
  "[\"u1\", \"u5\"]": -918.2179910232635,
  "[\"u1\", \"u6\"]": -918.2179910232633,
  "[\"u2\", \"u3\"]": -341.52907357022536,
  "[\"u2\", \"u4\"]": -58.37512904060855,
  "[\"u2\", \"u6\"]": -58.37512904060853,
  "[\"u3\", \"u4\"]": -283.1539445296166,
  "[\"u3\", \"u5\"]": -283.15394452961664,
  "[\"u3\", \"u6\"]": -550.3492605934134,
  "[\"u4\", \"u5\"]": -2.913225216616411e-13,
  "[\"u4\", \"u6\"]": 3.410605131648481e-13,
  "[\"u5\", \"u6\"]": 2.7711166694643907e-13,
  "[\"u1\", \"u2\", \"u3\"]": -1453.7994597228692,
  "[\"u1\", \"u2\", \"u4\"]": -1281.1812022977615,
  "[\"u1\", \"u2\", \"u5\"]": -1230.477602509499,
  "[\"u1\", \"u2\", \"u6\"]": -1064.2413685843183,
  "[\"u1\", \"u3\", \"u4\"]": -1556.7369670511007,
  "[\"u1\", \"u3\", \"u5\"]": -1316.1504721382462,
  "[\"u1\", \"u3\", \"u6\"]": -1583.3457882020425,
  "[\"u1\", \"u4\", \"u5\"]": -1159.0532994249534,
  "[\"u1\", \"u4\", \"u6\"]": -1159.053299424953,
  "[\"u1\", \"u5\", \"u6\"]": -918.2179910232633,
  "[\"u2\", \"u3\", \"u4\"]": -341.52907357022525,
  "[\"u2\", \"u3\", \"u5\"]": -435.36525197841377,
  "[\"u2\", \"u3\", \"u6\"]": -608.7243896340223,
  "[\"u2\", \"u4\", \"u5\"]": -152.21130744879713,
  "[\"u2\", \"u4\", \"u6\"]": -58.3751290406083,
  "[\"u2\", \"u5\", \"u6\"]": -152.21130744879656,
  "[\"u3\", \"u4\", \"u5\"]": -283.153944529617,
  "[\"u3\", \"u4\", \"u6\"]": -550.3492605934132,
  "[\"u3\", \"u5\", \"u6\"]": -550.3492605934133,
  "[\"u4\", \"u5\", \"u6\"]": 2.7711166694643907e-13,
  "[\"u1\", \"u2\", \"u3\", \"u4\"]": -1647.6340912018968,
  "[\"u1\", \"u2\", \"u3\", \"u5\"]": -1615.7462236975675,
  "[\"u1\", \"u2\", \"u3\", \"u6\"]": -1720.9947757866641,
  "[\"u1\", \"u2\", \"u4\", \"u5\"]": -1438.0764524933559,
  "[\"u1\", \"u2\", \"u4\", \"u6\"]": -1281.181202297761,
  "[\"u1\", \"u2\", \"u5\", \"u6\"]": -1230.4776025094989,
  "[\"u1\", \"u3\", \"u4\", \"u5\"]": -1556.7369670511007,
  "[\"u1\", \"u3\", \"u4\", \"u6\"]": -1823.9322831148975,
  "[\"u1\", \"u3\", \"u5\", \"u6\"]": -1583.3457882020423,
  "[\"u1\", \"u4\", \"u5\", \"u6\"]": -1159.053299424953,
  "[\"u2\", \"u3\", \"u4\", \"u5\"]": -435.365251978414,
  "[\"u2\", \"u3\", \"u4\", \"u6\"]": -608.7243896340219,
  "[\"u2\", \"u3\", \"u5\", \"u6\"]": -702.5605680422101,
  "[\"u2\", \"u4\", \"u5\", \"u6\"]": -152.21130744879662,
  "[\"u1\", \"u2\", \"u3\", \"u4\", \"u5\"]": -1769.2952940164364,
  "[\"u1\", \"u2\", \"u3\", \"u4\", \"u6\"]": -1914.8294072656922,
  "[\"u1\", \"u2\", \"u3\", \"u5\", \"u6\"]": -1882.941539761363,
  "[\"u1\", \"u2\", \"u4\", \"u5\", \"u6\"]": -1438.0764524933554,
  "[\"u1\", \"u3\", \"u4\", \"u5\", \"u6\"]": -1823.9322831148975
}