time,electricity,heat,hydro
0,69.28571428571429,57.49714285714287,0.0
1,67.38000000000001,57.49714285714287,0.0
2,67.38000000000001,57.49714285714287,0.0
3,67.38000000000001,57.49714285714287,0.0
4,67.38000000000001,57.49714285714287,0.0
5,67.38000000000001,57.49714285714287,0.0
6,56.957142857142856,68.99657142857143,0.0
7,61.807160566243525,68.99657142857143,0.0
8,61.807160566243525,68.99657142857143,0.0
9,61.80716056624346,68.99657142857143,3.3333333333333335
10,61.02857142857143,57.49714285714287,3.764055009611543
11,61.02857142857143,57.49714285714287,3.94548940603626
12,0.0,57.49714285714287,3.3333333333333335
13,5.871428571428572,57.49714285714287,3.3333333333333335
14,51.43824612811148,57.49714285714287,3.3333333333333335
15,50.95,57.49714285714287,3.3333333333333335
16,60.657142857142865,57.49714285714287,3.3333333333333335
17,69.12857142857143,68.99657142857143,3.7222629025140135
18,69.12857142857143,68.99657142857143,3.7222629025140135
19,69.28571428571429,68.99657142857143,3.7306106793124534
20,69.28571428571429,68.99657142857143,3.7306106793124534
21,69.28571428571429,68.99657142857143,0.0
22,69.28571428571429,68.99657142857143,0.0
23,69.28571428571429,57.49714285714287,0.0
