{
  "[\"u1\"]": -361.11976703192147,
  "[\"u2\"]": -58.37512904060864,
  "[\"u3\"]": -283.1539445296167,
  "[\"u4\"]": 9.237055564881302e-14,
  "[\"u5\"]": 4.973799150320701e-14,
  "[\"u6\"]": 1.1368683772161603e-13,
  "[\"u1\", \"u2\", \"u3\", \"u4\", \"u5\", \"u6\"]": -1233.3990307746176,
  "[\"u2\", \"u3\", \"u4\", \"u5\", \"u6\"]": -719.4022493068871,
  "[\"u3\", \"u4\", \"u5\", \"u6\"]": -560.7027214188101,
  "[\"u2\", \"u5\"]": -158.69952788807683,
  "[\"u1\", \"u2\"]": -429.64673147230997,
  "[\"u1\", \"u3\"]": -720.7667956518334,
  "[\"u1\", \"u4\"]": -487.7236261234358,
  "[\"u1\", \"u5\"]": -361.11976703192136,
  "[\"u1\", \"u6\"]": -361.1197670319213,
  "[\"u2\", \"u3\"]": -341.52907357022536,
  "[\"u2\", \"u4\"]": -58.37512904060855,
  "[\"u2\", \"u6\"]": -58.37512904060853,
  "[\"u3\", \"u4\"]": -283.1539445296166,
  "[\"u3\", \"u5\"]": -283.15394452961664,
  "[\"u3\", \"u6\"]": -560.7027214188103,
  "[\"u4\", \"u5\"]": -2.913225216616411e-13,
  "[\"u4\", \"u6\"]": 3.410605131648481e-13,
  "[\"u5\", \"u6\"]": 2.7711166694643907e-13,
  "[\"u1\", \"u2\", \"u3\"]": -779.1419246924421,
  "[\"u1\", \"u2\", \"u4\"]": -546.0987551640444,
  "[\"u1\", \"u2\", \"u5\"]": -573.7150045966177,
  "[\"u1\", \"u2\", \"u6\"]": -429.6467314723096,
  "[\"u1\", \"u3\", \"u4\"]": -796.9236201004679,
  "[\"u1\", \"u3\", \"u5\"]": -720.7667956518333,
  "[\"u1\", \"u3\", \"u6\"]": -998.3155725410269,
  "[\"u1\", \"u4\", \"u5\"]": -487.72362612343613,
  "[\"u1\", \"u4\", \"u6\"]": -487.72362612343557,
  "[\"u1\", \"u5\", \"u6\"]": -361.1197670319211,
  "[\"u2\", \"u3\", \"u4\"]": -341.52907357022525,
  "[\"u2\", \"u3\", \"u5\"]": -441.85347241769364,
  "[\"u2\", \"u3\", \"u6\"]": -619.0778504594189,
  "[\"u2\", \"u4\", \"u5\"]": -158.6995279371217,
  "[\"u2\", \"u4\", \"u6\"]": -58.3751290406083,
  "[\"u2\", \"u5\", \"u6\"]": -158.69952793712113,
  "[\"u3\", \"u4\", \"u5\"]": -283.153944529617,
  "[\"u3\", \"u4\", \"u6\"]": -560.70272141881,
  "[\"u3\", \"u5\", \"u6\"]": -560.7027214188101,
  "[\"u4\", \"u5\", \"u6\"]": 2.7711166694643907e-13,
  "[\"u1\", \"u2\", \"u3\", \"u4\"]": -855.2987491410767,
  "[\"u1\", \"u2\", \"u3\", \"u5\"]": -906.2049659542811,
  "[\"u1\", \"u2\", \"u3\", \"u6\"]": -1056.6907015816357,
  "[\"u1\", \"u2\", \"u4\", \"u5\"]": -653.6709108395,
  "[\"u1\", \"u2\", \"u4\", \"u6\"]": -546.0987551640442,
  "[\"u1\", \"u2\", \"u5\", \"u6\"]": -573.7150045965535,
  "[\"u1\", \"u3\", \"u4\", \"u5\"]": -796.9236201004683,
  "[\"u1\", \"u3\", \"u4\", \"u6\"]": -1074.4723969896609,
  "[\"u1\", \"u3\", \"u5\", \"u6\"]": -998.3155725410268,
  "[\"u1\", \"u4\", \"u5\", \"u6\"]": -487.72362612343557,
  "[\"u2\", \"u3\", \"u4\", \"u5\"]": -441.8534724188273,
  "[\"u2\", \"u3\", \"u4\", \"u6\"]": -619.0778504594188,
  "[\"u2\", \"u3\", \"u5\", \"u6\"]": -719.4022493068873,
  "[\"u2\", \"u4\", \"u5\", \"u6\"]": -158.69952789005168,
  "[\"u1\", \"u2\", \"u3\", \"u4\", \"u5\"]": -955.8502538854233,
  "[\"u1\", \"u2\", \"u3\", \"u4\", \"u6\"]": -1132.8475260302703,
  "[\"u1\", \"u2\", \"u3\", \"u5\", \"u6\"]": -1183.753742843474,
  "[\"u1\", \"u2\", \"u4\", \"u5\", \"u6\"]": -653.6709108394988,
  "[\"u1\", \"u3\", \"u4\", \"u5\", \"u6\"]": -1074.472396989661
}