time,electricity,heat,hydro
0,81.99,45.99771428571428,0.0
1,78.61,45.99771428571428,0.0
2,78.61,45.99771428571428,0.0
3,78.61,45.99771428571428,0.0
4,78.61,45.99771428571428,0.0
5,78.61,45.99771428571428,0.0
6,79.74,68.99657142857143,0.0
7,79.74,68.99657142857143,0.0
8,77.32,68.99657142857143,0.0
9,76.0,68.99657142857143,3.760201412145969
10,71.2,45.99771428571428,4.383064177880136
11,71.2,45.99771428571428,4.5947376403756355
12,0.0,45.99771428571428,3.3333333333333335
13,6.85,45.99771428571428,3.3333333333333335
14,71.2,45.997714285714274,3.832301778493455
15,71.32999999999998,45.997714285714274,3.8392076665721637
16,84.92,45.997714285714274,4.561138581877304
17,96.78,68.99657142857143,4.642223965612307
18,96.78,68.99657142857143,4.642223965612307
19,96.99999999999999,68.99657142857143,4.642223965612307
20,96.77999999999999,68.99657142857143,5.0
21,69.35274405565019,68.99657142857143,0.0
22,65.08666666666667,68.99657142857143,0.0
23,64.72,45.99771428571428,0.0
