{
  "electricity": {
    "0": 81.99,
    "1": 69.35274405565018,
    "2": 69.35274405565018,
    "3": 69.35274405565018,
    "4": 69.35274405565018,
    "5": 69.35274405565018,
    "6": 69.35274405565018,
    "7": 69.35274405565018,
    "8": 69.35274405565018,
    "9": 76.0,
    "10": 71.2,
    "11": 71.2,
    "12": 51.43824612811119,
    "13": 49.37117621980495,
    "14": 71.2,
    "15": 71.32999999999998,
    "16": 84.92,
    "17": 96.78,
    "18": 96.78,
    "19": 96.99999999999999,
    "20": 97.02000000000001,
    "21": 96.99999999999999,
    "22": 96.99999999999999,
    "23": 96.99999999999999
  },
  "heat": {
    "0": 45.99771428571428,
    "1": 45.99771428571428,
    "2": 45.99771428571428,
    "3": 45.99771428571428,
    "4": 45.99771428571428,
    "5": 45.99771428571428,
    "6": 68.99657142857143,
    "7": 68.99657142857143,
    "8": 68.99657142857143,
    "9": 68.99657142857143,
    "10": 45.99771428571428,
    "11": 45.99771428571428,
    "12": 45.99771428571428,
    "13": 45.99771428571428,
    "14": 45.99771428571428,
    "15": 45.99771428571428,
    "16": 45.99771428571428,
    "17": 45.99771428571428,
    "18": 45.99771428571428,
    "19": 68.99657142857143,
    "20": 68.99657142857143,
    "21": 68.99657142857143,
    "22": 68.99657142857143,
    "23": 45.99771428571428
  },
  "hydrogen": {
    "0": 0.0,
    "1": 0.0,
    "2": 0.0,
    "3": 0.0,
    "4": 0.0,
    "5": 0.0,
    "6": 0.0,
    "7": 0.0,
    "8": 0.0,
    "9": 3.6480311483148,
    "10": 4.383064177880153,
    "11": 4.594737640375637,
    "12": 3.3333333333333335,
    "13": 3.3333333333333335,
    "14": 3.8323017784934574,
    "15": 3.839207666572167,
    "16": 4.56113858187731,
    "17": 5.0,
    "18": 5.0,
    "19": 4.642223965612308,
    "20": 4.643170815914498,
    "21": 0.0,
    "22": 0.0,
    "23": 0.0
  },
  "export_capacity": {
    "electricity": {},
    "heat": {},
    "hydrogen": {}
  }
}