{
  "players_with_renewables": [
    "u1"
  ],
  "players_with_solar": [],
  "players_with_wind": [
    "u1"
  ],
  "players_with_electrolyzers": [
    "u2"
  ],
  "players_with_heatpumps": [
    "u3"
  ],
  "players_with_elec_storage": [
    "u1"
  ],
  "players_with_hydro_storage": [
    "u2"
  ],
  "players_with_heat_storage": [
    "u3"
  ],
  "players_with_nfl_elec_demand": [
    "u4"
  ],
  "players_with_nfl_hydro_demand": [
    "u5"
  ],
  "players_with_nfl_heat_demand": [
    "u6"
  ],
  "players_with_fl_elec_demand": [
    "u3",
    "u2"
  ],
  "players_with_fl_hydro_demand": [],
  "players_with_fl_heat_demand": [],
  "storage_capacity_E": 1.0,
  "storage_capacity_G": 50,
  "storage_capacity_heat": 0.4,
  "storage_power_E": 0.5,
  "storage_power_G": 0.25,
  "storage_power_heat": 0.5,
  "initial_soc_E": 0.5,
  "initial_soc_G": 25,
  "initial_soc_H": 0.2,
  "nu_ch_E": 0.95,
  "nu_dis_E": 0.95,
  "nu_ch_G": 0.95,
  "nu_dis_G": 0.95,
  "nu_ch_H": 0.9,
  "nu_dis_H": 0.9,
  "res_cap": 2,
  "hp_cap": 0.8,
  "els_cap": 1,
  "e_E_cap_ratio": 1.0,
  "e_H_cap_ratio": 1.0,
  "e_G_cap_ratio": 1.0,
  "c_res": 0.05,
  "c_hp": 2.69,
  "c_els": 0.05,
  "nu_cop": 3.28,
  "res_capacity": 2,
  "c_sto_E": 0.01,
  "c_sto_G": 0.01,
  "c_sto_H": 0.01,
  "min_down_time_G": 2,
  "c_RU_H": 0.9,
  "c_RD_H": 0.9,
  "c_RSU_H": 0.9,
  "c_RSD_H": 0.9,
  "c_su_G": 50,
  "c_su_H": 10,
  "c_min_G": 0.15,
  "c_sb_G": 0.01,
  "c_max_G": 1.0,
  "c_min_H": 0.2,
  "c_max_H": 0.8,
  "use_tou_elec": true,
  "El": {
    "El_cap_tot": 1,
    "El_cap": 1.0,
    "N_u": 1,
    "P_min": 0.15,
    "P_sb": 0.01,
    "C_cold": 50,
    "P_eta_max": 0.28231500736094994,
    "eta_max": 19.779337694173247,
    "p_val": [
      0.15,
      0.28231500736094994,
      0.424,
      0.568,
      0.712,
      0.856,
      1.0
    ],
    "eff_type": 1,
    "Area": 99.48163051108466,
    "eta_full_load": 17.546973965574917,
    "N_p": 7,
    "N_s": 6,
    "a": [
      21.122663164157416,
      18.82451590850055,
      17.419129314124763,
      16.43178985519501,
      15.666470901962803,
      15.03690646288476
    ],
    "b": [
      -0.3792409399467327,
      0.2695605194505869,
      0.8654444354659188,
      1.42625324813802,
      1.971160342839361,
      2.5100675026901587
    ],
    "Q_0": 0,
    "Q_1": 0
  },
  "c_res_u1": 0.05,
  "renewable_cap_u1_0": 0.483117378,
  "renewable_cap_u1_1": 0.543747636,
  "renewable_cap_u1_2": 0.59311866,
  "renewable_cap_u1_3": 0.598909454,
  "renewable_cap_u1_4": 0.590734622,
  "renewable_cap_u1_5": 0.585051292,
  "renewable_cap_u1_6": 0.616123866,
  "renewable_cap_u1_7": 0.675903962,
  "renewable_cap_u1_8": 0.718346966,
  "renewable_cap_u1_9": 0.697065722,
  "renewable_cap_u1_10": 0.669553282,
  "renewable_cap_u1_11": 0.655227216,
  "renewable_cap_u1_12": 0.676118622,
  "renewable_cap_u1_13": 0.772733856,
  "renewable_cap_u1_14": 0.873422392,
  "renewable_cap_u1_15": 0.9009649,
  "renewable_cap_u1_16": 0.908724154,
  "renewable_cap_u1_17": 0.935353052,
  "renewable_cap_u1_18": 0.9587889,
  "renewable_cap_u1_19": 0.957130794,
  "renewable_cap_u1_20": 0.982413244,
  "renewable_cap_u1_21": 1.001881934,
  "renewable_cap_u1_22": 1.013576728,
  "renewable_cap_u1_23": 0.997967234,
  "c_hp_u3": 2.69,
  "nu_cop_u3": 3.28,
  "c_su_H_u3": 10,
  "c_els_u2": 0.05,
  "c_su_G_u2": 50,
  "c_sto_E_u1": 0.01,
  "c_sto_G_u2": 0.01,
  "c_sto_H_u3": 0.01,
  "pi_E_gri_import_0": 37.36401428571429,
  "pi_E_gri_export_0": 58.56428571428572,
  "pi_G_gri_export_0": 3.3333333333333335,
  "pi_G_gri_import_0": 3.3366666666666664,
  "pi_H_gri_import_0": 69.065568,
  "pi_H_gri_export_0": 68.99657142857143,
  "pi_E_gri_import_1": 35.8237,
  "pi_E_gri_export_1": 56.150000000000006,
  "pi_G_gri_export_1": 3.3333333333333335,
  "pi_G_gri_import_1": 3.3366666666666664,
  "pi_H_gri_import_1": 69.065568,
  "pi_H_gri_export_1": 68.99657142857143,
  "pi_E_gri_import_2": 35.8237,
  "pi_E_gri_export_2": 56.150000000000006,
  "pi_G_gri_export_2": 3.3333333333333335,
  "pi_G_gri_import_2": 3.3366666666666664,
  "pi_H_gri_import_2": 69.065568,
  "pi_H_gri_export_2": 68.99657142857143,
  "pi_E_gri_import_3": 35.8237,
  "pi_E_gri_export_3": 56.150000000000006,
  "pi_G_gri_export_3": 3.3333333333333335,
  "pi_G_gri_import_3": 3.3366666666666664,
  "pi_H_gri_import_3": 69.065568,
  "pi_H_gri_export_3": 68.99657142857143,
  "pi_E_gri_import_4": 35.8237,
  "pi_E_gri_export_4": 56.150000000000006,
  "pi_G_gri_export_4": 3.3333333333333335,
  "pi_G_gri_import_4": 3.3366666666666664,
  "pi_H_gri_import_4": 69.065568,
  "pi_H_gri_export_4": 68.99657142857143,
  "pi_E_gri_import_5": 35.8237,
  "pi_E_gri_export_5": 56.150000000000006,
  "pi_G_gri_export_5": 3.3333333333333335,
  "pi_G_gri_import_5": 3.3366666666666664,
  "pi_H_gri_import_5": 69.065568,
  "pi_H_gri_export_5": 68.99657142857143,
  "pi_E_gri_import_6": 36.338657142857144,
  "pi_E_gri_export_6": 56.957142857142856,
  "pi_G_gri_export_6": 3.3333333333333335,
  "pi_G_gri_import_6": 3.3366666666666664,
  "pi_H_gri_import_6": 69.065568,
  "pi_H_gri_export_6": 68.99657142857143,
  "pi_E_gri_import_7": 36.338657142857144,
  "pi_E_gri_export_7": 56.957142857142856,
  "pi_G_gri_export_7": 3.3333333333333335,
  "pi_G_gri_import_7": 3.3366666666666664,
  "pi_H_gri_import_7": 69.065568,
  "pi_H_gri_export_7": 68.99657142857143,
  "pi_E_gri_import_8": 35.23582857142857,
  "pi_E_gri_export_8": 55.22857142857143,
  "pi_G_gri_export_8": 3.3333333333333335,
  "pi_G_gri_import_8": 3.3366666666666664,
  "pi_H_gri_import_8": 69.065568,
  "pi_H_gri_export_8": 68.99657142857143,
  "pi_E_gri_import_9": 54.28571428571429,
  "pi_E_gri_export_9": 54.28571428571429,
  "pi_G_gri_export_9": 3.3333333333333335,
  "pi_G_gri_import_9": 3.3366666666666664,
  "pi_H_gri_import_9": 69.065568,
  "pi_H_gri_export_9": 68.99657142857143,
  "pi_E_gri_import_10": 57.672,
  "pi_E_gri_export_10": 50.85714285714286,
  "pi_G_gri_export_10": 3.3333333333333335,
  "pi_G_gri_import_10": 3.3366666666666664,
  "pi_H_gri_import_10": 69.065568,
  "pi_H_gri_export_10": 68.99657142857143,
  "pi_E_gri_import_11": 57.672,
  "pi_E_gri_export_11": 50.85714285714286,
  "pi_G_gri_export_11": 3.3333333333333335,
  "pi_G_gri_import_11": 3.3366666666666664,
  "pi_H_gri_import_11": 69.065568,
  "pi_H_gri_export_11": 68.99657142857143,
  "pi_E_gri_import_12": 0.0,
  "pi_E_gri_export_12": 0.0,
  "pi_G_gri_export_12": 3.3333333333333335,
  "pi_G_gri_import_12": 3.3366666666666664,
  "pi_H_gri_import_12": 69.065568,
  "pi_H_gri_export_12": 68.99657142857143,
  "pi_E_gri_import_13": 5.5485,
  "pi_E_gri_export_13": 4.892857142857143,
  "pi_G_gri_export_13": 3.3333333333333335,
  "pi_G_gri_import_13": 3.3366666666666664,
  "pi_H_gri_import_13": 69.065568,
  "pi_H_gri_export_13": 68.99657142857143,
  "pi_E_gri_import_14": 57.672,
  "pi_E_gri_export_14": 50.85714285714286,
  "pi_G_gri_export_14": 3.3333333333333335,
  "pi_G_gri_import_14": 3.3366666666666664,
  "pi_H_gri_import_14": 69.065568,
  "pi_H_gri_export_14": 68.99657142857143,
  "pi_E_gri_import_15": 57.7773,
  "pi_E_gri_export_15": 50.95,
  "pi_G_gri_export_15": 3.3333333333333335,
  "pi_G_gri_import_15": 3.3366666666666664,
  "pi_H_gri_import_15": 69.065568,
  "pi_H_gri_export_15": 68.99657142857143,
  "pi_E_gri_import_16": 68.7852,
  "pi_E_gri_export_16": 60.657142857142865,
  "pi_G_gri_export_16": 3.3333333333333335,
  "pi_G_gri_import_16": 3.3366666666666664,
  "pi_H_gri_import_16": 69.065568,
  "pi_H_gri_export_16": 68.99657142857143,
  "pi_E_gri_import_17": 69.12857142857143,
  "pi_E_gri_export_17": 69.12857142857143,
  "pi_G_gri_export_17": 3.3333333333333335,
  "pi_G_gri_import_17": 3.3366666666666664,
  "pi_H_gri_import_17": 69.065568,
  "pi_H_gri_export_17": 68.99657142857143,
  "pi_E_gri_import_18": 69.12857142857143,
  "pi_E_gri_export_18": 69.12857142857143,
  "pi_G_gri_export_18": 3.3333333333333335,
  "pi_G_gri_import_18": 3.3366666666666664,
  "pi_H_gri_import_18": 69.065568,
  "pi_H_gri_export_18": 68.99657142857143,